File_Name,Stage
24f4917f-93b8700a.jpg,train
128094d1-7314f248.jpg,train
520180a2-9a74b4a5.jpg,test
99ab7304-32307eea.jpg,train
c2ccc2a6-300804e4.jpg,test
810f57d0-00000000.jpg,valid
15430558-02a7d763.jpg,train
8b5e9cbe-9acc0000.jpg,train
a0ea324c-3e4251c3.jpg,train
9c678386-81c3086d.jpg,train
6462a29c-a1f856d9.jpg,train
21154886-00000000.jpg,test
6405b0ba-00000000.jpg,train
38dce4c8-91ed80a9.jpg,train
4a8b2a88-cdff47db.jpg,train
9b2db8cb-00000000.jpg,train
1d5a9b6f-5cea06df.jpg,train
7b07669a-91b32318.jpg,train
7b6ec06a-00000000.jpg,train
3dc6bdb4-daf234e9.jpg,train
69350d61-851716fa.jpg,train
4ddaf49d-46e97f82.jpg,valid
5ad54592-aebe0001.jpg,train
0d207cff-6d499379.jpg,train
6f7e0d86-4bb6ec3b.jpg,train
99e65b79-72f54fd5.jpg,train
5bd89ff8-3cd95e28.jpg,train
a1acfdb8-68db64af.jpg,test
7b47f738-08d66ead.jpg,train
605434f1-7a3353ea.jpg,train
00d79c0a-23befe54.jpg,train
3a1a8bc4-6e56c50f.jpg,train
5b3d84de-df895ab9.jpg,train
541fe01f-693b3c14.jpg,train
7e5ef657-a9ad0001.jpg,train
04b33c7e-df4fc4c8.jpg,train
68972e88-00000000.jpg,train
5c404e9a-f3df0245.jpg,train
346be4c0-c6743dbd.jpg,train
3b8026eb-9869d18d.jpg,train
3279d0f9-57f795b0.jpg,train
2a36dfe4-cb5bcd44.jpg,train
44054e56-80ad2e95.jpg,train
6a6e903e-71e70666.jpg,train
3d3a3638-268c8d7f.jpg,train
075a4b25-bbe29ca1.jpg,train
1fd981ce-7b6d63d6.jpg,train
835df354-00000000.jpg,valid
58941c49-9d110459.jpg,train
533e3610-60f31a92.jpg,train
6d7da33d-dfbad26a.jpg,train
a822c459-20b67e7f.jpg,train
20f404f4-c99cffca.jpg,train
9dccd5bd-67d455b3.jpg,train
1b22fdfb-2ae5be99.jpg,train
0fa41d9d-0f21770c.jpg,train
1837cdb2-b6556bf6.jpg,train
10ab7e07-00000000.jpg,train
54ea83be-5b4989a6.jpg,train
167f11ee-af68bd2a.jpg,test
24a6a304-095969f9.jpg,valid
3f8382ef-6f86f2fa.jpg,train
0386df8d-8171468c.jpg,train
90c4d040-61fa675b.jpg,valid
bb6e9fc4-35369ff6.jpg,train
0b5c1805-1972d84b.jpg,train
a91b7555-00001125.jpg,valid
3bf1eb37-0c63951f.jpg,valid
91faccca-00000000.jpg,train
7234b48f-00000000.jpg,train
4cfa5eb5-36df47d8.jpg,train
88f99be1-00000000.jpg,train
244a8b0c-70494f6d.jpg,train
12851a15-8e290117.jpg,train
bd937f4d-6c06e8b4.jpg,train
686253a6-00000000.jpg,test
40328742-3fd92108.jpg,train
3d411c3d-1324dab3.jpg,train
504942e4-e8ae0001.jpg,train
4b4cb9b0-3efa6143.jpg,train
9e1a9cde-5d3bba54.jpg,train
50c7e6a3-728823db.jpg,train
980b68e4-851fe839.jpg,train
772ac765-5f47e414.jpg,train
6a03fe29-595633b7.jpg,train
016e76c0-7dc868eb.jpg,train
454ae37b-6b1c381c.jpg,train
0547891f-00000000.jpg,train
7a0ba545-3961a92c.jpg,valid
4189d1d5-510eb29f.jpg,train
49469fcc-31ac03cc.jpg,test
47924e4b-6bef7091.jpg,test
1f59671a-13d88a21.jpg,train
3cda73b9-234b2cf4.jpg,train
a91b7555-00000280.jpg,valid
9b656e8f-c53b0000.jpg,train
88223584-00000000.jpg,train
985ba4dc-1bc59838.jpg,train
135a9651-1de05ea3.jpg,train
069837be-00000000.jpg,train
417aa56b-00000000.jpg,valid
1f7d6452-22ae9b98.jpg,test
4454c9b2-4ae1048d.jpg,test
5d2d790d-3d1b8b5d.jpg,train
7c7ddf9c-1179a7ac.jpg,train
4cd91231-65fa72bd.jpg,train
6e9110c1-9973f5ab.jpg,valid
744d7642-b9487711.jpg,train
c665137e-6fffaf45.jpg,train
72d1a01b-00000000.jpg,train
4bf68024-b6ec6b6c.jpg,train
00e9be89-00001070.jpg,test
31f42605-d26c5d76.jpg,train
c2841851-644a8cfe.jpg,train
6684274d-ac7389a9.jpg,train
2db961a3-dbc02aeb.jpg,train
11fab8e5-ed3428ff.jpg,train
03e50d4c-c3a47fc3.jpg,train
2ee2d1f6-93cbcc6c.jpg,train
9f442f32-5f3dc72b.jpg,valid
0d1fc580-44142e94.jpg,train
5d1a905f-737ea325.jpg,valid
44a28388-1f7e2018.jpg,valid
2ed6d968-9d7dd8bc.jpg,train
116e39bb-498f09ae.jpg,train
c4436054-d3c3dccf.jpg,train
55856ef6-58df3fa3.jpg,train
1ee2d0f9-c1f48031.jpg,train
3b87b80e-d856ff82.jpg,train
602d4a8e-f0520579.jpg,valid
b9d34460-8c9c4807.jpg,train
a797a199-03e87b71.jpg,train
a48909f7-54e4bcff.jpg,train
a91b7555-00001095.jpg,valid
6630586c-00000000.jpg,valid
409b367f-e28dbcd1.jpg,train
3be6d0b5-39c4d032.jpg,test
245440db-00000000.jpg,train
34d80f57-bd3b9ea7.jpg,valid
00e9be89-00001760.jpg,test
2df265da-e4a8fdf3.jpg,train
38b5478c-6485313b.jpg,test
3426cfd1-fcde1379.jpg,test
4d7b4b90-9bd3f150.jpg,train
46dd9b4b-40645433.jpg,train
8b4c6631-b27e8388.jpg,train
6886b3d9-6ab2b28d.jpg,train
3a875150-0882e9d2.jpg,train
459aeab8-338620ea.jpg,train
6fbbfb15-00000000.jpg,train
47406c52-494431dd.jpg,train
1a92b5b9-87a40001.jpg,train
7a1ed1b0-ff92d878.jpg,train
3a7896fe-690e31f5.jpg,train
9162b45e-00000000.jpg,train
3c0f8d74-f26562b4.jpg,train
6ba1916a-d52532b4.jpg,train
539f9677-882ab7f3.jpg,test
82ef176d-00000000.jpg,train
a217361a-cdf174d7.jpg,valid
81b47af4-08b8441f.jpg,train
bf538a51-8782f04d.jpg,train
77f3e6e0-9a8afb0a.jpg,train
2b87633b-271c4f4d.jpg,valid
00e9be89-00000175.jpg,test
00e9be89-00001290.jpg,test
37804537-719c365c.jpg,train
00e9be89-00001335.jpg,test
9a2a2583-659b5e9e.jpg,train
1ff92f74-697a077e.jpg,train
1ade61c7-b865e37e.jpg,train
21a8be4c-00000000.jpg,train
97b3a5ef-b98177e5.jpg,train
1f388f31-24ad5eb6.jpg,train
39c1eaf1-f492b39a.jpg,train
0cfec584-8ab90c1e.jpg,train
0027eed2-09c90000.jpg,train
00e9be89-00001830.jpg,test
1f1cd045-7e338d4a.jpg,train
1f30367d-35271bd5.jpg,train
25606b41-ef1b0000.jpg,train
33f572c4-bc2b2915.jpg,train
9dec6d97-ab2c968e.jpg,test
27d6808c-00000000.jpg,test
08008acf-4c0db435.jpg,train
90016677-aab19abe.jpg,train
9c219b32-a876239b.jpg,test
0b9fa855-936aae7a.jpg,train
2fa3d5f3-60a764a1.jpg,train
167a78e3-f955e644.jpg,train
490ba810-f9e9d331.jpg,train
2f17cfc3-d881a89f.jpg,train
94d4caa2-0b880cd8.jpg,train
1de6d5ff-8aba6383.jpg,train
1be4f0fb-18e6ba6f.jpg,train
bd46953e-1bb2f914.jpg,valid
1b2238e4-e12d7bc3.jpg,train
1d1a1586-987eb0be.jpg,train
8ddd3f5a-819347bd.jpg,train
87645210-00000000.jpg,train
525f8dcd-5b77b64e.jpg,train
1160ad08-d264e017.jpg,train
074fd192-93e0e739.jpg,train
86340950-d91b4146.jpg,train
6b9407bc-a66ea46d.jpg,valid
ad62ff26-ef0c923e.jpg,test
1aa453f6-00000000.jpg,train
945a38ed-00000000.jpg,train
4bdbbb47-da090000.jpg,train
00e9be89-00001600.jpg,test
2a20ea64-d1c32038.jpg,train
3cdd3c22-a10d568c.jpg,train
b2e96aa8-3624f23d.jpg,train
248a4806-8abbf072.jpg,test
5f6197ca-549a0001.jpg,train
2aa7c61a-a94413a8.jpg,train
7bb15163-4e7897b1.jpg,train
6214e6aa-00000000.jpg,valid
1d203ad8-54bff0e2.jpg,train
6b73ccdd-00000000.jpg,test
5dfb063f-6b81fb1f.jpg,train
6a2d7759-45d710c2.jpg,train
9861744f-00000000.jpg,test
31690fd0-7253da18.jpg,train
9f68196b-cd31c070.jpg,train
c9c6949a-5aeaa8fd.jpg,train
89b7d9b5-74731299.jpg,train
96267bf4-0b68d6ae.jpg,train
4a344158-d4d37507.jpg,train
4a222c06-dae31ab9.jpg,train
5f29aa22-99fc0001.jpg,train
9df3d257-91d3ddd5.jpg,valid
08192d2e-469877e7.jpg,train
552e99d7-00000000.jpg,train
5a242858-3656ba5d.jpg,train
703d912f-840e5963.jpg,valid
6cf7a093-0748b3cc.jpg,valid
33036b70-c776fc0c.jpg,train
a4d467e1-e2697245.jpg,test
a91b7555-00001165.jpg,valid
c73abec5-609ede44.jpg,train
84af3c94-a97338a7.jpg,train
b2f48fc3-f0ddacf0.jpg,train
167cd9ad-0ee4b7e4.jpg,train
099601d0-1b31f4ff.jpg,train
47e0d7e0-2766582e.jpg,valid
11ff464f-00000000.jpg,train
8acb92d1-e08e0ab4.jpg,train
8f675f89-91c97273.jpg,train
2a1343ce-d96023f5.jpg,train
0d6822ce-741be0b9.jpg,train
0a924ade-6766d702.jpg,train
3c87d4cb-b6d2ec9c.jpg,train
0bf7162a-00000000.jpg,train
07199529-6430013b.jpg,train
0e0c9ba3-294b474c.jpg,train
a91b7555-00000445.jpg,valid
8a66084a-5158b84e.jpg,train
53373c51-01710aff.jpg,train
09a3ff75-72315256.jpg,train
60e9c379-00000000.jpg,train
0ceb02a1-9d25dd06.jpg,train
42041574-fb905492.jpg,train
16e186ec-00000000.jpg,train
3723f465-42573605.jpg,train
25531db8-076c0000.jpg,train
21175814-00000000.jpg,train
6d42bf70-34acb0fa.jpg,train
16ca9fed-7d8bb86b.jpg,train
896425f5-36a83b80.jpg,train
3eec0a14-ab3e67db.jpg,train
4f45d5ce-d87a28f1.jpg,train
8cd80e5c-7a09434f.jpg,valid
3d31d9a7-2fa8d37a.jpg,valid
3bf7477e-04424d9c.jpg,train
0a1a0c5d-8098ecc8.jpg,train
52407592-00000000.jpg,train
7f15d319-36d724e0.jpg,train
8d9a9d66-1c5d5f51.jpg,train
3fb02950-68ad8961.jpg,train
1c4c5b21-8d33e502.jpg,train
9fb944ec-00000000.jpg,train
71ec3de7-051766a5.jpg,train
76457fe8-97168b39.jpg,test
76af2305-2b561973.jpg,valid
00e9be89-00001715.jpg,test
3f9f7fc0-f2160541.jpg,valid
920744c3-00000000.jpg,train
9047ff09-d3476966.jpg,train
932ab3d2-0ef6d829.jpg,train
4cd5c4d3-935c6463.jpg,train
2aca94cf-00000000.jpg,train
56d9d586-af9eaddb.jpg,train
435b07c6-eb7106a5.jpg,train
440f0753-a07e0df1.jpg,train
89ca3634-00000000.jpg,test
00e9be89-00001260.jpg,test
5b9fe74e-3a853597.jpg,train
9e8f6fa8-82815cbb.jpg,train
2cc27873-1866aa6a.jpg,train
865e74e4-360a5187.jpg,valid
00aad4a0-ee8135fe.jpg,train
3f291ac3-53bdc4d2.jpg,train
0ddfea57-b0fe6132.jpg,train
96180b81-00000000.jpg,train
4b9bdc73-821e5299.jpg,train
8aaf2653-1be002d3.jpg,train
00e9be89-00001025.jpg,test
5231447b-51012221.jpg,valid
3d0d454e-f0132c99.jpg,test
5e1f98f2-92af4791.jpg,test
06df1c09-00000000.jpg,train
5ce2bd49-980d24d9.jpg,train
a0d4fa71-00000000.jpg,train
7683cc31-27bf0001.jpg,train
58538d31-4a9aca8a.jpg,train
0512a400-d2fa24da.jpg,train
62232ce0-7a4d363b.jpg,train
121f7fbc-08249914.jpg,train
1215f91d-db7a0000.jpg,train
62eee498-5cc565cc.jpg,train
0f11e283-a34ec892.jpg,train
40cc2058-768f2e21.jpg,test
84cb906a-99c6101d.jpg,train
47b4c52c-48e9a494.jpg,train
9d565f1f-fc3cd908.jpg,train
0e888c35-00000000.jpg,train
7d659512-4c88c7c0.jpg,train
0a0ba96d-7859aaa6.jpg,train
4928987b-48b87f62.jpg,train
2b71e164-38b71151.jpg,test
4c4a5feb-00000000.jpg,test
99c1b2ae-50df0921.jpg,train
04ffc939-00000000.jpg,train
377f88d4-00000000.jpg,valid
6ee57024-3c9e350d.jpg,train
b18cb922-e3af77af.jpg,train
898ac5b9-00000000.jpg,train
2c326e59-5d6f09ae.jpg,train
ba85bff0-70955e40.jpg,train
4c45e4fb-4242918e.jpg,train
8edff4ef-242b0fa0.jpg,train
10fe14d9-6d821793.jpg,train
a91b7555-00000100.jpg,valid
9ece8bd6-3cede2ad.jpg,train
41c54d9e-f3710000.jpg,train
8a56deb7-6cf433c2.jpg,train
a97c1475-00000000.jpg,valid
4242af85-25f7059e.jpg,test
86c13f5c-cf72aced.jpg,train
5b79e291-ab031997.jpg,train
a7542d36-590272a5.jpg,valid
4b70363a-e3e11e5b.jpg,train
24bff1fe-f7df9665.jpg,train
a91b7555-00001150.jpg,valid
340257de-11697871.jpg,train
68e7781a-cffc2268.jpg,train
4c7d75ce-387b0001.jpg,valid
56b1916c-d92a77c7.jpg,train
73bc6319-00000000.jpg,valid
bc92a87d-aaafd269.jpg,test
6268fd0c-4c007855.jpg,train
0bc1e57d-0331a843.jpg,train
9a35e283-7c9c7404.jpg,train
75b224f0-12639125.jpg,train
7f1d11ea-fdf50001.jpg,train
2d3734da-e7e6f31c.jpg,test
7300f8fb-84ec13e9.jpg,train
07797fc1-3f6aee10.jpg,train
a96d20b4-9cf31240.jpg,test
6c771cb8-b6f2eb2c.jpg,train
0acc0c71-fb702dac.jpg,train
382e37b6-139b8d9f.jpg,train
5715cd38-af2ede7c.jpg,train
1fbf13dd-e90a8282.jpg,train
2778f1eb-00000000.jpg,train
150a973a-6772fd20.jpg,train
0478d053-f5bb5868.jpg,train
4e1f88e3-c9cea90d.jpg,train
771df318-b9bfb8d4.jpg,train
5b37ba9e-511c073e.jpg,valid
4fd66294-d3b65cb5.jpg,train
1da45647-4d28c352.jpg,train
61946360-00188770.jpg,train
3ea83365-8a41b716.jpg,train
79062d5b-4935cc23.jpg,train
896a625b-1177730f.jpg,valid
9aeeef4a-14e90f30.jpg,train
49a0a1bd-578258bf.jpg,train
13620abf-62b6685f.jpg,train
c1f7cec6-549a06ac.jpg,train
52ba66d6-4aafde44.jpg,train
16d131ad-238fb594.jpg,train
bff7091d-346e6f58.jpg,train
ab6a3dc3-9ccf65d2.jpg,train
6daa7d06-dc762614.jpg,train
1dab55ac-b91f93fe.jpg,train
1fe954fc-4516b71d.jpg,train
2ae5baeb-6c3992ac.jpg,train
8ccbdb22-00000000.jpg,train
6b5fa33f-bfdee2cc.jpg,train
3d8b51c1-eec78d9f.jpg,train
6ec802d7-6f673b8a.jpg,train
a62b515a-b08cfa10.jpg,train
9280af89-ebc4a7e8.jpg,train
a6455af8-f0a1f75b.jpg,test
977b8906-7e0dbdbd.jpg,train
4d31466d-21002ea9.jpg,train
39315f2c-bf227c3d.jpg,train
baf019d9-da5f9843.jpg,train
1af21ce1-e157b867.jpg,train
5222d6a6-4b40104c.jpg,train
483fa316-00000000.jpg,train
4f600291-f4fac35e.jpg,train
0479df8c-00000000.jpg,train
6dd101c6-5ff211b6.jpg,train
00e9be89-00001570.jpg,test
563bd61d-2f3c4451.jpg,valid
8ac605d8-98fb991c.jpg,train
3091bb19-29f100db.jpg,train
106b3ae4-00000000.jpg,train
a1ce7d45-2f62d29f.jpg,train
1a0871fc-00000000.jpg,train
0bc0b27e-a94dd126.jpg,train
5d379513-3363abb3.jpg,train
0d1dd928-2d09a570.jpg,train
6ac3120d-df300e6d.jpg,train
a91b7555-00000880.jpg,valid
0f172b7f-71040001.jpg,train
b6b047b4-3fccc761.jpg,train
62f8a87a-b4fa9969.jpg,train
b3121071-581b2755.jpg,test
05771267-dd3b3df8.jpg,train
3287d65c-0e5f32ea.jpg,train
c7d8260d-e1f6b3f8.jpg,test
ad9f6825-1370b1d3.jpg,valid
0ea18604-68919f0c.jpg,train
3998ebd0-7fd575dd.jpg,train
ad09a5b3-81e6d6d7.jpg,train
9f160587-fd77bcf9.jpg,train
43d4a202-ca890610.jpg,train
7ff455ce-00000000.jpg,train
81d5165d-fcfc6c67.jpg,train
a91b7555-00001085.jpg,valid
25531db8-d8a10000.jpg,train
86f5e178-11db36c2.jpg,train
ad0b7d33-16243e40.jpg,train
771df318-b96bba14.jpg,train
2bdd0ff8-b3dad8c2.jpg,train
1bced9b1-74c3118d.jpg,train
bb5cc516-235bb167.jpg,train
9b0bf112-5edbe682.jpg,test
5ba1a98c-492f0c7d.jpg,train
905625db-00000000.jpg,train
a613a4c4-b2893916.jpg,train
ad29b99d-848897ac.jpg,train
3c716b87-6581720c.jpg,train
70948658-00000000.jpg,train
5af8ba04-e0e43238.jpg,test
80c62ee8-d23ef245.jpg,train
042b9641-00000000.jpg,train
787a247c-00000000.jpg,train
9d3e6f33-49b7f110.jpg,train
186b8229-93f247b4.jpg,train
8accdada-6b91f21f.jpg,valid
9c38185c-fc417ba0.jpg,valid
2400952e-00000000.jpg,train
652f7310-5dbedb62.jpg,train
117f391d-7acfb916.jpg,train
939840d6-a7c62d84.jpg,test
67fbf1e7-15d0d463.jpg,train
a6cbdb8c-3b325c1d.jpg,train
4ea2d1e9-26453f24.jpg,train
95b06214-408611f2.jpg,train
2f31ec89-7c6d9cb0.jpg,valid
9b0e122c-3ead3b61.jpg,valid
4a396379-37154446.jpg,train
a61a4cfb-429644fb.jpg,train
00e9be89-00001565.jpg,test
38b272c8-21eb67f8.jpg,train
38e561dd-8ea8ae2d.jpg,valid
2d89f625-5e44c56a.jpg,train
a8b26e1c-7c8ee1d0.jpg,train
115e4aff-00000000.jpg,train
0d207cff-4d92f256.jpg,train
65939f30-fc872d46.jpg,train
84d7e0cf-95b24c51.jpg,train
373e20c8-82cb9d82.jpg,test
ad2bc657-0ab7e6e6.jpg,train
11688f01-ae89426b.jpg,train
18b160ca-e71bbeeb.jpg,train
4ace777f-91b40001.jpg,train
66e5c54d-00000000.jpg,train
8c976e04-47482559.jpg,train
9a888ffa-7b310001.jpg,train
49856c5a-18e64700.jpg,valid
3b96773a-6df58a15.jpg,train
70d7553c-7da414da.jpg,train
73bd6aac-de295c59.jpg,train
4d9e6fb4-1f3d419f.jpg,test
0ac3cbf4-73c76d25.jpg,train
8f4c1b2d-89450000.jpg,train
325bf3b3-d7d0e527.jpg,valid
4ffc2e24-a5d25ce4.jpg,train
3b76e313-a4f861d4.jpg,train
2105b3de-6b3f66e8.jpg,train
b3329255-4a5988f8.jpg,valid
8e0e5cac-ecc08e98.jpg,train
a91b7555-00000305.jpg,valid
0e9bf060-4319b186.jpg,train
124bd265-fe63b0c4.jpg,train
75b3cdd3-693bf40c.jpg,train
208be040-b7ad1b43.jpg,valid
2f2e4c91-bb3746ce.jpg,test
a3829789-00000000.jpg,train
2ad035f4-cd94d608.jpg,train
2bf43ae4-abec45f5.jpg,train
c6d7400d-8a08045e.jpg,train
6bbcd8f1-0b0b7ddb.jpg,train
8e4767d2-135fdae6.jpg,train
1bc82b26-7f99de31.jpg,train
2814ffe0-83e2134c.jpg,train
21fcab2c-aa840001.jpg,train
80d30cb7-c84ab346.jpg,train
3fba086e-ea01758b.jpg,train
59a98382-fe44fe6a.jpg,train
9e80bd96-d0051ade.jpg,train
1834fe14-3afdfad3.jpg,train
bc7a0adc-caf8512c.jpg,train
6a00c92c-09d0090e.jpg,valid
a91b7555-00000175.jpg,valid
8e720571-f5132884.jpg,test
971cbf48-00000000.jpg,valid
5b388f8a-f47f42db.jpg,train
5f6e1cb5-c612b719.jpg,train
15f89ba0-2a7e079a.jpg,train
13c41b8e-c588d2f9.jpg,train
14df900d-b8d570e1.jpg,train
bc101f0f-2bd5f9ec.jpg,train
2504d789-00000000.jpg,train
c2c5fee5-a8360924.jpg,train
0d03369b-e2199f82.jpg,train
2a462b9a-8e0e63c0.jpg,train
0ce3ea39-a5de431d.jpg,train
92344fba-2059eebb.jpg,train
4411f74d-00000000.jpg,train
7ad2aa84-5a05b9be.jpg,train
90016677-9ebbc73b.jpg,train
1101f6e5-35860f20.jpg,train
4873d330-d3992300.jpg,train
3ece6409-7245f7ab.jpg,train
2bf177ce-b7d8d5ff.jpg,train
a9391f8f-83c00a81.jpg,train
8d089f51-578033f2.jpg,train
7ffaf795-9835a113.jpg,train
6848adce-1a36c1d5.jpg,train
7b704279-e47540a5.jpg,test
a91b7555-00001280.jpg,valid
718b0cb8-00000000.jpg,train
a10957b3-f6fc1c47.jpg,train
b761cf92-0ec720b9.jpg,train
917b9dd0-73b84c3a.jpg,train
7c5b3302-0d196977.jpg,train
350334d0-07862427.jpg,train
4fa25b34-d7db0e82.jpg,train
a91b7555-00001175.jpg,valid
5dff6680-b807fdad.jpg,train
9d02c9cf-a022fe44.jpg,train
4f6f7aca-92480000.jpg,test
2dc4e4d2-1e5ba0e0.jpg,train
a188e945-124b917e.jpg,train
58a6d4a6-a959f89a.jpg,test
00e9be89-00001030.jpg,test
00e9be89-00000130.jpg,test
7068d4f1-5d6413ba.jpg,train
0ae2993b-3a6bea4d.jpg,train
2eb0f2a5-a5690000.jpg,train
51974499-29aef9f5.jpg,train
00e9be89-00001205.jpg,test
211870cb-752b1b8c.jpg,train
3a25bbac-014b3d26.jpg,test
8016a78e-1d969047.jpg,train
135531d4-5f271092.jpg,train
03a567d7-8798f5f9.jpg,train
4b2e51e2-2d71bbf2.jpg,train
9e9fc898-6a49eec9.jpg,train
9a888ffa-c3840001.jpg,train
c3da90b0-cfd1d6b9.jpg,valid
38b474cc-3efec58a.jpg,train
68be5b8f-21c2824b.jpg,train
3b16dab0-d6c80014.jpg,train
1f6c987d-ce5fd740.jpg,train
b5b40b5f-da80498b.jpg,train
00e9be89-00001655.jpg,test
54032983-5be58724.jpg,train
2efb8f80-90cd14a6.jpg,train
00e9be89-00001605.jpg,test
0886e393-e8e268c8.jpg,train
4eaef387-c490be1a.jpg,train
a269d8cd-af4fc1d1.jpg,train
41bcc795-62017732.jpg,train
7f121a33-526f912b.jpg,valid
9b4bbc7a-bef89124.jpg,train
800defc7-75e97ada.jpg,train
adfc8f5c-b1f02e04.jpg,train
0dc5eff4-9ebc6928.jpg,train
137e6989-1fece512.jpg,train
41be2b90-2dd8025a.jpg,train
29bb7721-00000000.jpg,train
1cbc652a-535d7ba3.jpg,train
0d606092-4866137c.jpg,train
a0c42a1d-16e85492.jpg,train
43e04451-9ab4c11c.jpg,train
80c62ee8-d23ec5b6.jpg,train
9bd35228-adfe7af8.jpg,train
3a2895be-61e80000.jpg,valid
6f52e256-15d7ade2.jpg,train
3ec111a7-d2964971.jpg,train
31a9e4c6-0c51364b.jpg,train
982f86ee-c452edf3.jpg,train
76df02f8-a1a9a666.jpg,train
a91b7555-00000520.jpg,valid
7c2747e6-2a97b7a9.jpg,valid
5b79e291-ab031dbf.jpg,train
0b5c145d-8dc9d5b3.jpg,train
4f2c67cc-2117b7d0.jpg,train
76663911-826adbde.jpg,train
08ab784d-0dec1946.jpg,train
3c40f1f8-38a8527a.jpg,train
67ed7da0-b623e02f.jpg,train
734cfd60-f6a9079f.jpg,test
7efc19f4-18c1ca3f.jpg,test
a4215cd6-00000000.jpg,train
af59aee0-759730e7.jpg,train
4d2136da-331b0236.jpg,train
851ec515-15faca1d.jpg,train
092b387a-67a64a9b.jpg,train
378fe86a-79d2f4f6.jpg,train
4899c3bf-00000000.jpg,train
8d86fb25-a72cfabe.jpg,train
5ffe9db5-fd4e0001.jpg,test
5802d794-a4725fec.jpg,train
97880acc-e6bec03d.jpg,train
843af705-00000000.jpg,train
7133ddf7-98cbc6fa.jpg,train
c3ee5975-02ea08d9.jpg,train
5dba54e9-bcc9813b.jpg,train
7d2f7975-e0c1c5a7.jpg,train
7b0f2cec-00000000.jpg,train
0a723d61-9885002e.jpg,train
3a489463-a438c48f.jpg,train
7c0a7d5a-da928c23.jpg,train
a91b7555-00000835.jpg,valid
83d5fe2c-fda22070.jpg,train
80d076fe-4bba34cb.jpg,train
3777317a-f7fd7fcd.jpg,train
9a888ffa-96020000.jpg,train
4f855a42-db4c2078.jpg,valid
36a97b4c-ca10b532.jpg,train
63c256ed-a0fa352f.jpg,test
177d68d5-00000000.jpg,train
00e9be89-00001840.jpg,test
3994c4df-00000000.jpg,train
19cd9c06-f7cb2ecd.jpg,train
2cb96c21-099ab1cc.jpg,train
9a58e8e4-4b400dc1.jpg,train
4204566d-ab80c3d0.jpg,train
6ddf87cb-79f4eafa.jpg,train
a62e5bac-5abf4504.jpg,train
43655cb5-4969d939.jpg,train
81cd9c75-00000000.jpg,train
b19b87e3-f576fec3.jpg,train
00e9be89-00001500.jpg,test
5bf38500-01c9d7de.jpg,train
35bb33ae-cd45d023.jpg,train
a91b7555-00000140.jpg,valid
9a888ffa-43ca0000.jpg,train
20b675b9-aeb033a5.jpg,train
12a3bfc4-6c271e39.jpg,train
904f9a94-00000000.jpg,train
9edddf0d-3146414e.jpg,train
1f3c30a4-210fcb64.jpg,valid
22d63fa2-340e4023.jpg,train
9a60b3e7-789f9b00.jpg,train
278f2bc1-a0562ec1.jpg,train
941f3bb8-1184941a.jpg,valid
0ee642f9-22c03b1a.jpg,train
97ad5182-1fee7596.jpg,train
3f10a19f-abda536f.jpg,train
636f0d79-bb3c17cc.jpg,train
32876d94-f65066d5.jpg,train
489a53ad-e275e01c.jpg,train
2907f0ab-0d3abe3a.jpg,train
95fe3338-fe9ff521.jpg,train
28f73d40-e4720001.jpg,train
4924ba96-fa0f0000.jpg,train
4ac80c15-d1dcc514.jpg,train
a7683fb4-8808de3f.jpg,train
a523290c-00000000.jpg,train
a06a4b0e-c5241837.jpg,train
0e526010-34c35870.jpg,train
4adb062d-5dd90001.jpg,test
168c50b8-edda00c8.jpg,train
6c9d5cfb-aa700f16.jpg,train
20d3d92d-cb6dd6fc.jpg,train
12a6dd7e-875cfca9.jpg,train
0027eed2-09c90001.jpg,train
bb3bb8c0-90ca2bee.jpg,train
5a5da40d-20b00000.jpg,train
01ab0f6d-a46b4820.jpg,train
6b293d3e-59d5f868.jpg,train
598b9219-20698d42.jpg,train
1a8d2b8e-a58e85fe.jpg,train
00e9be89-00001775.jpg,test
63b0747b-00000000.jpg,train
90752702-3bc4fb88.jpg,test
4ae9bac7-540f7f8f.jpg,valid
84cad8e7-6a28398d.jpg,train
2824cb5e-ab36aebb.jpg,train
3dd30c54-62570001.jpg,train
a91b7555-00000415.jpg,valid
9d460d7c-fe55dc99.jpg,train
c122b0dd-9c06c62c.jpg,train
69e207eb-98665d90.jpg,test
371e9fbc-95869d5a.jpg,train
4e30bb3e-5faa8477.jpg,train
6b9077b7-e6a07c88.jpg,train
2742e632-dd7bbd6e.jpg,train
a7f9d60b-7ae3f042.jpg,train
42003990-e4ec2e7c.jpg,train
ca3736db-cf9e0cd4.jpg,train
7e788ad5-00000000.jpg,train
61a11b41-7bd17b85.jpg,train
67a9f729-e9eb734e.jpg,train
5e0465d5-a6241a8f.jpg,train
7b4fd7ec-9b3ccf2a.jpg,train
67c3676f-0aa098df.jpg,train
1c2a60fd-87d1bf52.jpg,train
077d7bbc-2dc68fc5.jpg,train
8c20378f-62c1b32e.jpg,test
451d541a-68edeb3e.jpg,train
a91b7555-00000870.jpg,valid
475f2744-076ed0b2.jpg,train
197c8ab8-da380000.jpg,train
1effe3ed-ee852960.jpg,train
bd46bba0-2990928d.jpg,train
335efe0a-b37f8558.jpg,train
8e74dd69-c75b794b.jpg,valid
fdf00ecc-30d49dac.jpg,train
395a43ff-a949613d.jpg,train
0cca6223-bbe8997f.jpg,train
0486dc6e-cccf0001.jpg,train
2f09a530-d84003e1.jpg,train
8ba9d3b5-93b37665.jpg,train
2a0869ed-00000000.jpg,valid
00e9be89-00001590.jpg,test
1e813bee-53f6791a.jpg,train
2dc4e4d2-1e5bde2f.jpg,train
65309093-56d5bcb2.jpg,train
325a8deb-6063787c.jpg,train
203fb7bc-cbb4be86.jpg,train
55083248-ef9cdda1.jpg,train
9bb14814-498d5452.jpg,train
8c5924d4-e14b149b.jpg,train
04f64fe8-00000000.jpg,train
00e9be89-00001470.jpg,test
b909df8f-51c5470e.jpg,test
fdb7ff6e-bcaa5d96.jpg,train
6ea4cd53-edee13a9.jpg,train
6823b579-22b1a108.jpg,train
60ff4adb-a2fd4b6c.jpg,train
95a6f8ce-f70d000a.jpg,train
42f17eef-9158dc4d.jpg,valid
9a888ffa-43ca0001.jpg,train
88b0a96a-00000000.jpg,train
aaddc191-6f4e53c1.jpg,train
af7e1bb8-a944b6c6.jpg,train
3d62a6ae-557b2813.jpg,train
6e09762a-bab508de.jpg,test
47406c52-6f9c5dbf.jpg,train
b5fd8bf6-fa9be3ca.jpg,train
30cd8670-7d050000.jpg,train
780039e8-9d366067.jpg,train
a58f81f2-78ae959f.jpg,train
0a096659-9faad1ad.jpg,train
26b69e17-00000000.jpg,train
b9d34460-d648a4c1.jpg,train
a91b7555-00000295.jpg,valid
22f27dc2-4525d946.jpg,train
957e6dd4-a28f4453.jpg,train
69d0cfa5-00000000.jpg,train
4c89d609-1b11297a.jpg,train
505bed9f-00000000.jpg,train
9e4f94cd-e3c04dac.jpg,train
5d77c3fc-7c0324f8.jpg,train
957e6dd4-c0f100cd.jpg,train
8c3e2d5c-79597265.jpg,train
700fca50-00000000.jpg,test
61c09a25-e845961c.jpg,test
5ea587a2-f336c14f.jpg,train
23baaec2-a78f598c.jpg,train
4025360f-4416d623.jpg,train
56fc2581-88790b23.jpg,train
c696b1c8-b2fba873.jpg,train
6ba6358d-09d7c146.jpg,train
2a2f41b8-d54e8094.jpg,train
0bc0b27e-b932a660.jpg,train
2d783b3a-a6304dbd.jpg,valid
3daa42c5-a33a968d.jpg,train
5f6197ca-549a0000.jpg,train
3873c3c0-00000000.jpg,train
149f172f-00000000.jpg,train
3f8b781f-60c8b19b.jpg,test
0c8c70f2-45110000.jpg,train
62fc466a-0e78cbf8.jpg,train
0f145ef9-2fb016d0.jpg,train
46630cfc-00000000.jpg,train
117f55ba-bf7763aa.jpg,train
8359526c-6bbdd362.jpg,test
79fb506e-473f5a00.jpg,test
42f588c3-00000000.jpg,train
c060ea1f-12965687.jpg,train
5e4593c9-d93ab965.jpg,train
1a456a14-03a6a18f.jpg,train
156b8888-21100001.jpg,train
29c10b51-cc4452f8.jpg,test
a59131a5-00000000.jpg,train
1e45de2a-609a28e9.jpg,train
a3b51b78-d5e379c3.jpg,train
3247b287-7f98021a.jpg,test
1dcbf95d-cfac3bac.jpg,train
19a19d47-ff750000.jpg,train
19f52469-c5f6f15e.jpg,train
9be7f8b9-24850169.jpg,train
2fc0fae0-7a7afb63.jpg,train
41dcd39d-00000000.jpg,train
5b4d4333-d74a0d2a.jpg,train
1a48363d-6aab61b3.jpg,train
a5242a75-c9f4c680.jpg,valid
5a0eac86-30db548c.jpg,train
7fc69e06-c26e122e.jpg,train
899745e7-ea01bb52.jpg,train
baa79505-43ff4345.jpg,train
6cc6d77b-ec2b695b.jpg,train
8904a163-a3da592f.jpg,train
b928271b-35145ad6.jpg,valid
661cdd5a-4daeaf7f.jpg,test
53af996f-00000000.jpg,valid
90c02206-cc271603.jpg,train
686f85a0-6eb9dad0.jpg,valid
1f44d8f2-53f339a2.jpg,train
99ef4b3b-bb915689.jpg,train
9f238cfa-cc9bb02e.jpg,test
5f08b452-00000000.jpg,train
98e34ad2-cabad29a.jpg,valid
1338c75c-91e30001.jpg,train
1b162169-b05c9ad0.jpg,train
96be86fa-0686ec8e.jpg,test
3f7e121a-53b6beb4.jpg,train
9c7940d0-70d74ab0.jpg,train
27eb3fa9-213f57c8.jpg,valid
8a4bba4e-f8f0a6fc.jpg,train
53cd4beb-932365ed.jpg,train
6a06ce90-c2a41753.jpg,train
3ffb33b8-98640001.jpg,train
3e074d91-6e36466a.jpg,train
ac6e3fd3-b9d52612.jpg,train
022ec367-cb18e652.jpg,train
8da3b2a5-ea690000.jpg,train
1e08f2e0-2c455a46.jpg,train
a91b7555-00001205.jpg,valid
8d62137d-00000000.jpg,test
47240165-0a164810.jpg,train
1be335cc-307401f7.jpg,train
a5dd241e-e61c0e76.jpg,train
308586e7-00000000.jpg,train
1ef2953a-6ad2e690.jpg,train
a3a0f34f-68d8ac1c.jpg,train
a91b7555-00001090.jpg,valid
226b2b77-8692b3bd.jpg,train
0f4e8f1e-6ba53d52.jpg,train
3fca66e8-aa9e0000.jpg,train
6cc6d77b-05f557ac.jpg,train
14a197e0-8a00fc55.jpg,train
3fc4ffaf-d50f9cb1.jpg,train
c44c7f5c-9bef0aea.jpg,train
0bf8851e-e3f546bb.jpg,train
7f92cc43-edf59deb.jpg,train
b059de74-b31e43ae.jpg,train
59e0b7c7-25a7f6cb.jpg,train
0af06324-3f5aac20.jpg,train
a7cc17d8-00000000.jpg,train
0ea7f502-16d9fb4e.jpg,train
912e44a6-dc2d2079.jpg,train
6ce99224-3f18fa82.jpg,train
8f71e64e-6c9b9af0.jpg,train
5632f71f-bec0ab06.jpg,test
a2c6d74b-00000000.jpg,train
0f89108b-3ab59119.jpg,train
6f9a7093-f07b45db.jpg,train
6cd634c0-87b38ade.jpg,train
9d5576ab-535082b7.jpg,train
51755f30-21079bb7.jpg,train
02dddc5d-ee6f95aa.jpg,train
143da8e5-e5ed5d11.jpg,train
b3f2fee7-1482dee6.jpg,train
4c1681b2-2D75E377.jpg,train
7461b407-00000000.jpg,train
28d07634-04bb05db.jpg,train
6122250c-c6f2a842.jpg,train
5d03a12f-84294c67.jpg,test
1175d197-90cca1e8.jpg,train
686f9670-74bf8ddd.jpg,train
5269cc0a-00000000.jpg,train
a9f45e63-5c17863d.jpg,train
6bbebf9e-1ee89b43.jpg,train
2bd188b4-00000000.jpg,train
10ef625a-ba0cd7ce.jpg,train
39b9d097-0bea7eed.jpg,train
6ce5d138-b7abb218.jpg,test
387a9c67-0577d2fa.jpg,train
655ff376-00000000.jpg,train
14d95ab2-31b51d3b.jpg,train
b803d91d-671b8cff.jpg,train
63e66925-eb2824dc.jpg,valid
86a21e97-86ad81a6.jpg,test
5daa9274-a4a24449.jpg,train
587e93da-9d2eef22.jpg,train
3e11ec55-00000000.jpg,test
04095551-efe20559.jpg,train
69461627-6a6c68f5.jpg,train
6dcbd3f4-3a4d0439.jpg,train
6c825730-dd4587ae.jpg,train
7b3ee12a-26590001.jpg,train
23ae9ed0-8b5e7a2b.jpg,train
2f09a530-95666b72.jpg,train
4d4efedf-07f70000.jpg,train
00e69ee0-9656df95.jpg,train
633c898b-00000000.jpg,train
2dc4e4d2-986ca586.jpg,train
23a9b1a2-9dc5415e.jpg,test
127f8da7-9901af4c.jpg,train
a91b7555-00000500.jpg,valid
81ae7cbb-6bc63a4a.jpg,train
74c17dc8-ac6e903e.jpg,train
a91b7555-00000920.jpg,valid
a91b7555-00000425.jpg,valid
198d8f5e-dd29fbb8.jpg,train
00e9be89-00001710.jpg,test
a91b7555-00001235.jpg,valid
2224c461-351255b4.jpg,valid
2f689ee6-ba2b7cb9.jpg,train
b555790d-ef09fa96.jpg,train
972ab49a-6a6eeaf5.jpg,train
05b10029-6078ad62.jpg,train
603275a8-037552f6.jpg,train
5ceeac16-1083b98c.jpg,train
00e9be89-00001745.jpg,test
5a93ba50-4ac7faf3.jpg,train
5dc0ab8c-91160001.jpg,valid
1e18dcf8-2d1be025.jpg,train
539b6629-94c5e19f.jpg,train
636e1090-9cf60001.jpg,train
8c78e8f9-2c773310.jpg,train
01b29c03-4b348d76.jpg,train
10391e15-03dc97a5.jpg,train
0f1a2d28-bfa30001.jpg,train
1e15cae7-5d932386.jpg,train
25157077-ff9a5034.jpg,train
4e79e7cc-5d215a40.jpg,train
6b15392a-3a16dd34.jpg,train
10a3e362-576d9181.jpg,train
4d91bc98-d5e484fe.jpg,train
6ce99224-b7809337.jpg,train
6d8a6d94-00a7ad92.jpg,train
00e9be89-00001900.jpg,test
5e4b3dc5-26d3ec6a.jpg,train
3e2f4280-5cf8a323.jpg,valid
80ce2f36-021be921.jpg,test
906eec9d-3a4db6c5.jpg,train
746ad443-89eb8a7a.jpg,train
9c1ea83b-465f4173.jpg,train
a91b7555-00001115.jpg,valid
6d805841-54db0849.jpg,train
351bec53-3749220c.jpg,train
c7f68540-18a5e077.jpg,valid
4a592fc2-1f10618d.jpg,train
b85d7504-1eef8eea.jpg,train
590218a8-a103c61c.jpg,valid
1b296d94-e8224154.jpg,train
023d0f3c-564e6d31.jpg,train
45cd6d97-00000000.jpg,train
29610d9a-ba94b154.jpg,train
53b439bf-53586b26.jpg,train
06293e61-89661836.jpg,train
4d4efedf-07f70001.jpg,train
5d73f301-4243a516.jpg,train
3c475923-ebbfe62c.jpg,train
65cf107a-65604012.jpg,train
76156f46-00000000.jpg,train
